raining,42041
Crap.,264603
Sadly,194583
saver,1080684
PROUD,917509
Tonight!,569896
blisters,827268
Continental,120887
no....,681446
sucks..,891294
ready!!,336822
Burned,612285
much....,154074
hate,458608
Ehh,199780
poorly,57708
stinks,1186671
G5,838761
replacements,1023118
eligible,484925
snowing,991174
mmmmmmm,1038631
whatsoever,775723
gutting,1103149
Nasty,1282314
flicking,527547
magnetic,681441
playground,240939
sinking,1054467
Drowning,1245049
casa.,1191996
SICK,225158
Iranian,68307
spider.,54
activation,707503
hilarious,46422
traumatized,1015211
hardcore.,564606
sucks.,1070237
suckss,1070192
hangin',844052
whoop!,94631
GN,838808
stabbed,1139039
sucks!,1070243
Spurs,315713
lurve,870302
sign...,1239778
present!,73565
hurts!!,1288015
Evening!,1251842
okies,458658
Premier,564625
@Spoonsie,954444
humidity,744194
boohoo,959714
"stars,",970554
"aswell,",343861
Rockin',405677
Noisy,722289
anymore?!,849287
nemore,770517
@mariqueen,760077
me',516964
Ugh!,120967
undead,576979
"Ugh,",120969
..now,980691
Ugh.,728890
*smiles*,1305336
challenge!,850940
YESTERDAY,1158355
"terrible,",1315299
futon,1230716
fabulous,11117
liao,1218493
Bummer.,939097
stressed.,333661
"Bummer,",607008
phonee,68359
dailybooth,411528
freezin,511607
wreck,220880
beaten,628143
"gold,",368678
CAMERA,581169
Mrs.CJBaran&lt;3,760123
Sally,1186782
Ð¼ÐµÐ½Ñ?,283962
shocks,84072
injections,36947
housewarming,970274
congrats!!!,528275
iPlayer,625865
#FF,110570
itttt,1204347
error,805401
Ughh,121012
teehee.,1007235
LMFAO!!!,1038736
nicht,601771
revise!,359756
Addicted,68400
@kirash4,87363
playdate,796815
@7angela7,101688
WRONG,376834
kudos,405750
uplifting,676377
hideously,100029
worse.,226149
leaves,859798
everyone!!,1112526
#gr88,638886
cried!,601791
finger.,63142
"LINES,",718031
"finger,",63144
met!,1058848
listening!,363416
stressed,708441
lonesome,1101988
worse?,226162
twittersphere,426867
Stand,28012
Ugh..,985968
fantastic,938678
@mswilliamsmusic,196353
thanks!,301974
NO!!,686779
sorrows,289286
2.2.1,591188
@ShashiTharoor,865138
Sick,395230
SMILE,1112557
"female,",592110
"everyday,",1236927
Threw,896230
Here.,848722
Indeed.,1181529
Congrats!!!,638923
@InLuvwithJON,374108
@kristenstewart9,975513
Indeed!,1181534
canceled.,733792
her...,241975
WHY,601848
Wheres,607132
separated,1214383
@misterwallace,870443
@AimeeLady,1161414
G!,838779
"potatoes,",368769
person..,105414
Tip,6305
hiccups.,707678
aaawww,795832
TIRED.,723371
hurt,803213
#xboxE3,1096553
Boo.,310597
excellent,184291
Boo!,310599
primeval,591235
brain's,314092
Urgh!,233
Ñ‡Ñ‚Ð¾,833452
"lolz,",94804
B'day,274740
traffic!,1102748
$40,522180
everybody!!,1149744
divorced,5514
cheapest,733828
@daisyx,442964
tremendously,310608
leak.,896827
tnx,681670
Crows,607169
Luna,697306
"antibiotics,",1080107
Boys.,169622
peepz,674711
crushed.,163143
@LStacey,662891
deprivation,470833
"peas,",97845
scars,1249446
@RaiscaraAvalon,812547
"cause,",508847
Positive,907328
Swan,405844
@ArnaudJacobs,766011
@ButchtasticKyle,633606
Li,421635
cudnt,1189367
Lauren!,78975
pháº£i,575441
@TheMonkeyBoy,16122
ha!!,1139253
totaled,173854
Noo!,291883
kills.,257859
nutz,599388
agony,384826
colds,1130447
.....i,5558
@OfficialTila,1218676
hihihi,828412
Destiny,1298578
twitching,1065273
blessed.,263480
ent,1049396
@samueltwitt1,992896
HATER,327218
AF447,1293206
"loose,",1303811
badly,142171
fever,723443
description,184366
life....,1080961
aches,393344
@ionacosmetics,527798
lump,1282581
BLESS,723454
thankyou,495808
anytime!,596664
Hello!,70038
poked,814078
Acer,774862
@106andpark,933548
II.,395352
anytime.,877345
Contest:,395000
fair..,327103
chilled,1293225
grieving,563721
anymore,451586
@mariakitano,247316
Watchin',432296
looove,1192288
appreciate,89567
&quot;do,702594
hasta,47608
Fabulous,1054739
funniest,353030
Greetings,1133977
goodbye,263198
reflux,714216
@ColorblindFish,1319753
skyping,517222
clear!,1296465
infested,1060035
feedback,315975
wiffle,593335
@jtbritto,891336
tricked,26588
"cutie,",384887
sickly,814313
cutie.,384889
bling,598196
sulk,877402
rubbish.,147447
disease.,1197615
&quot;Hey,781263
cutie!,1066315
"ughhh,",731269
10yrs,106131
died.,189660
"died,",189662
died!,189665
Lame,1127446
cycled,733032
Drew,933606
SAD,416396
destroyed,755051
cantt,881097
scraped,928120
ewww.,1213522
closed!,697415
DAY!!!,1330516
@Bass_,1033795
chickened,94954
Burnt,1250687
rock!,1060073
"welcome,",389
heating,1097365
welcome.,391
GRRR,1056645
runny,233541
ruined.,1018053
basics,717946
@commonsense4,639117
MRI,189697
Demon,1010655
AMAZING!!!,1077705
tommarow,147151
saddened,928392
heyyyy,975710
Sad!,644440
DAMMIT,105596
cable,636092
cant!,881136
dying...,905470
"Sadly,",1300606
6.30am,178307
Sadly.,215917
ewwww,1213556
2moro.,1128677
Sad.,644447
awful!,310768
Hi!,337228
counts!,749805
spotless,1075809
doctor's,107618
debug,1160566
down....,379628
cancelled.,523314
Hate,517308
Check,687004
parody,561563
awful.,310776
ick.,856855
wentz,607343
woes,1311354
skint,770860
vet.,47709
"vet,",47710
@amazingphoebe,63416
rainin,273794
@jessstroup,258000
@loris_sl,734029
Friday...,960058
ReTweet,158094
hurts..,1099186
shame,116566
correction.,1346457
rs,1309241
restricted,749841
HAPPY!!!,676677
Hurt,1091759
hungry....,480047
'em!,305497
help!!!,687039
vh1,13088
@LJsBaby,105650
@smashadv,411320
smh,949574
bummer.,554385
independence,860112
tired!!!!,583178
#tehran,728810
hooray!,734057
SCARED,105660
threatened,1309271
@Rob_Hoffman,158129
sunning,828598
gahhh,1078163
Blessings,928466
vets,47764
ntn,660627
Iran,256805
working....,1170814
chlorine,844487
coooool,917966
dammit,1272064
Ugh,849664
half...,718350
fever?,459067
Hah!,42522
electrical,748025
dammit!,1262513
defective,430928
Embassy,374422
replacement.,1070262
ontd,189990
"fever,",55385
fever.,459078
@levarburton,738068
Hallo,1086491
@Dutchrudder,1044325
encouraging,353208
hamstring,1018176
Stuck,660668
DMed,63506
"cloudy,",1187186
Bliss,655250
Voted,1245513
Congratulations!,332029
Congratulations.,332031
"Congratulations,",332033
Excited,163411
bitten,1075919
Smiles,1208364
longboarding,242299
sweeeet,168670
SHOOT,690495
Fearless,710485
@macNC40,108608
Welcome!,828661
*cries*,881264
"scene,",723680
hay!,189842
compromise,76682
favor.,1225641
woe,1126430
bittersweet.,1322848
WOW!!,336900
toe,1195239
feedback.,58209
danish,297692
download!,735812
BBL,74057
Cute.,485426
worse,799347
stolen.,573121
belum,515807
No..,284376
leaking,944402
rejected,575730
@crusaderz4life,1277492
butchered,993200
@paula721,68819
kev,1022444
digg,910378
Ashley!,991711
EXPENSIVE,1177155
spayed,421948
&quot;It,469633
&quot;Is,469634
leg.,528077
LAME,306025
sad!!!,55833
@EmilyyBrowningg,886597
Sex,1293478
Shouts,1229742
pneumonia,231823
@Cult_of_Angels,216084
&quot;When,558446
deserving,1002344
ÐºÐ°Ðº,965451
Tyson's,870806
go???,536838
Sick!,381178
hiks,744717
@CarinaK,1288210
10min,949708
Wimbledon,922693
bronchitis,836936
portraits,933823
@michaelsheen,692382
Vampire,1280468
sleep...I,649955
ko..,130521
tuned.,807697
Designing,53054
tuned!,807699
wasent,466802
already....,992637
appreciated.,889564
"data,",74119
@youmeatsix,158259
tomorro,213891
hungry!!!,797261
appreciated!,823446
toe.,694555
now...just,660782
treat!,1304120
thundering,342694
NINJA,474901
Bowling,471693
yucky,100508
awake..,437978
conducive,1293527
unblock,723222
nose.,1273199
wrists,1213780
Artist,1102462
yayyyy!!!,226623
Unfortunatly,826635
TWEET,480227
looming,1203183
weak...,1069391
@McCainBlogette,1086622
talkin',713299
Bikini,1091961
AMAZING!,655374
"horrible,",1336043
horrible.,1336045
"AMAZING,",655379
WTF!,721511
@Trish1981,1320084
yuck!,100533
Dammit.,876155
@ponet,237162
"Dammit,",876157
Quality,446359
Dammit!,876160
devastating,142522
booo!,1141957
Ugh...I,762755
FEELS,1314837
@SashaKane,1061573
Karl,425040
Ironing,459241
Procrastinating,779248
scotch,687227
abouts,776347
@shandrab,369255
ticks,652146
Yummy,591676
inspire,628694
frustrating.,765875
frustrating!,765876
"sneezing,",928649
Twisted,729030
@martinamcbride,313116
"sofa,",941327
ulcer,928656
7.5,955072
SORRY,1270378
mad..,68371
chewed,226670
sunglasses...,602616
"ear,",432665
proximity,1175801
painfully,469744
feeel,818257
Photography,1018357
@artfanatic411,755381
desparate,125535
bliss,928676
Ughhh,522875
"tight,",1245730
*sighs*,704
#follow,570590
Yaaay!,1013074
colorful,1256285
g/f,1073442
Soooooooo,804050
glamorous,670040
blinking,205745
prob!,687288
REALY,142588
arghhh,634077
helping.,1215022
"matter,",35198
empty!,512209
empty.,512212
WHERE,1002486
reinstall,142596
@sethsimonds,433889
sadface,865655
McMahon,1171448
GONE!,1006185
"Ughh,",522915
Ughh.,436485
welcome...,1150272
Dropped,327030
"progress,",565287
"Weird,",258318
suggestions!,650121
identify,32567
bored!!!!,496257
ruins,1134396
bah,411624
tháº¥y,438101
nightmare!,1049893
@madonnamike,976046
miserably,1314929
kellan,708220
motherboard,943078
witout,538748
new!,268849
@James_Phelps,258330
rock!!,607675
Ñ‚Ð°Ð¼,618255
Ñ‚Ð°Ðº,1006354
@TferThomas,103356
Performance,79463
SUCK,121604
Hiya,1240463
tgk,1073636
bleh,105955
veronicas,713437
transformers!,946254
sorry...,953696
pedicure,913078
@whitsundays,718652
scrap,792185
festive,623601
Insomnia,184832
nooooo.,262098
pissed!,163656
Gnight,485909
@Wil_Anderson,644177
Gloomy,666261
sweet..,11332
Ideas,834337
name's,438141
greenday,1324220
lethargic,242556
cravings,241070
horrible...,11573
ome,11345
3OH!3,416826
toothbrush,586578
fugly,501669
iPhone!!!,295249
orthodontist,666286
wtf,232041
dedication,1176914
Here!,1267097
surfer,878278
YET.,580637
accident,401133
@pembteaco,15425
adapter,697863
Tennant,1113205
Blessed,595966
Nah.,932843
@ChrisRyanMusic,849563
Why??,21858
ALONE,1102651
contribution,581295
expense,1198103
Worship,496336
yaay,771281
"Sick,",1285541
beachh,697882
excited!,549485
"doubt,",337661
cemetery,240218
seizure,639568
awesomely,918336
@aaroncarter7,1042228
followers!!,721187
@vene2ia,634207
avatar.,1328539
Ahh...,731111
botherd,844867
noes,1272461
GUYS!,116507
Nuggets.,247875
evening!!,1272464
small...,664737
fecking,190187
@sonnyjoeflangan,253152
goooood,1232889
incompetent,697918
C4,1171598
heal.,871091
ugh...,512366
"follow,",753054
attacked,1102702
chipped,668281
@thecab,1331031
church!,332424
though.....,1123850
Torrential,152380
pitiful,671891
reg.,178101
gracias,1086868
biased.,311252
hilarious!,717182
#writechat,490316
Slide,579389
GoodNight,1172676
little?,703160
tip!,665643
dentist...,411768
neat,708368
unloading,56090
chick-fil-a,121744
Follow,37705
possess,919212
grrrrr.,944015
tour??,275779
dying.,310543
congratulation,718792
canoeing,921
prettty,586690
dumped,703178
ermm,1192897
meet?,687497
letdown,190237
@KatMcGraw,1008047
dizzy,512427
can't.,974604
lool.,981535
rain!!,724066
@KimSherrell,574447
trusted,274306
cooool,184985
damaged,211250
@RealJessicaAlba,537610
hurt!!,703196
FTW!,844963
@TheDailyBlonde,385498
forehead,268446
body...,184424
followfriday,713036
@JennetteMcCTeam,480559
thingo,907986
unfortunate,1198184
money..,1325790
electro,971054
uncharted,772927
Worlds,416974
nih,829068
@remzology,771417
"Alas,",682365
45mins,42220
paradise!,918470
@letter2twilight,544279
ruff,1105528
King!,1132662
Afternoon,96365
#TwitterTakeover,473449
Figuring,206375
MISSED,771437
canceled...,116620
thx,618469
Forrest,418881
thu,1007705
failing,11540
"alas,",613179
WOW!,631479
boxer,976345
cool!,1251783
incapable,1071168
alarms,818569
ROFL!,701571
camps,27241
panadol,369593
Bored!,348351
sucks...,150435
wahh,1118645
"Dougie,",1268386
Thank,42996
designer.,1018674
angry.,1144332
tmr.,623826
deleted.,981610
bruise,607917
unfair,750402
Mornin',1060711
Toy,567387
birmingham,380258
thanks,512516
Thanx,43010
cry....,6303
@OHMYDAYSitsHayz,1261926
band!,1304523
perfect!,650153
tweeples,58685
Happy,174367
bleh.,639751
Hills!,427746
Cheesecake,639553
@londicreations,200766
@MrTweet,834456
hae,648316
Philippines!,1293729
died?,189674
@krystynchong,206040
wright,1272638
"Steve,",422397
Gah,1251353
Steve!,422399
@nik_kee_dee,1140026
featured,994276
&quot;on,182454
mileys,505584
Kidding.,713697
Building,158694
"Hehe,",639773
Hehe.,639774
fracture,566504
ALL!,539049
jailbreak,498332
Hehe!,1010769
following.,25410
"quote,",322010
tweeple!,58725
opinion!,443790
arghh,627551
MASSIVE,597415
Finally!,427781
hooked.,671913
Finally.,427784
&quot;Love,255975
"Finally,",427786
6:00,1161222
"opinion,",443798
desire,127091
BAD!!!,913353
mani/pedi,69329
@ramielemalubay,523277
@TomFelton!,992234
Ð¼Ð½Ðµ,955461
Hilarious!,1044882
@kayte_girll,332609
mosquito,734671
ï¿½25,892343
overslept,327362
AT&amp;T,221849
any!,1198359
"missed,",1155884
honored,385634
watching!,965935
"pee,",90321
mate!,1135636
@Boddingtons,1177302
proudly,565656
bah!,406680
Tina,661274
re-install,295544
mommys,1224795
#hoppusday,796584
bord,1272714
Eww,343203
"bah,",406688
ick,1219465
congratulate,1219658
month....,1131143
"island,",284950
Jeez.,984285
Nobody,116736
Hv,755796
Awwh,1283405
uncomfortable.,449113
Hi,755802
honoured,829226
ppl..,876608
low...,955501
denied,976403
cancelled!,523315
Salsa,892390
rocks!!,902964
Gerard,955446
LAPTOP,156936
@ScottBourne,337932
lonely...,1182448
GRRRR,1198397
web!,703397
Ew.,343226
"Ew,",497556
dental,274485
wait?,598446
disappeared,1071315
doesn't.,677325
YAY!!!!,501030
Grab,1102965
bury,708620
borked,724664
@PaperCakes,523339
something's,823237
twitterbugs,555087
?!?!,32702
flight...,1145798
WOOP,380393
dyin,380394
throat!,789845
shitty.,407171
@ruhanirabin,1081800
compliment,1142425
Kelly!,143023
compliment!,1046969
Shake,1034583
Fail,839903
nooooooo,713819
octopus,808245
Bleh,987494
MATH,1150684
talent!,1076539
sob,887166
dilemma,618666
froze,206163
lied,327449
hysterical!,724305
divorce.,5476
delighted,502577
intellectual,200908
"Rock,",612704
thankful,127212
cry.,1060881
worst!,369786
dayyy,1029964
AF,950299
fantastic.,1217693
binding,340382
cry!,1060891
due.,761196
wan,1315368
@babyjew,655931
weekend.....,491406
familiar.,960206
heheh,913473
shhhh,333317
ODST,312185
cancer.,913477
Claire's,1103021
Twitterworld,829295
transform,311542
tame,253460
splendid,607234
surgery.,687772
BRAND,1335454
sitter,888854
Cleveland.,201728
go?!,866110
sniffles,211517
Bonjour,734750
purposely,544505
Bread,439263
@kirsty1181,327489
Congratulations,1029445
hurt..,908230
teehee,343306
messages??,620178
suis,45849
talents,1120547
FRESH,851182
@AmericanWomannn,776886
deepest,891970
@itsLindsayLohan,598394
anniversary!,708705
"hehe,",913513
congratulations,683441
@LaChatNoir,316877
3:45,1283756
&lt;&gt;,158869
[:,523435
;-p,1313489
survive...,708715
ruined,1199369
lawd,381242
haiku,510242
winery,808318
Muah,502842
soldering,1013606
Damn,1206284
Lautner,132544
horrifying,771694
SUCKS!,662329
Poorly,787432
prayed,207152
medication,724383
anyways...,1134755
*tear*,902353
*tear,1108287
@BlokesLib,107251
soothe,1118908
thunk,95815
dry.,400533
@Matt_Tuck,966113
"model,",1224986
Damn.,1342174
away....,1235693
demi!,1348904
crutches,274627
realllllly,258830
Doh!,278410
boring!!,111695
tour!!,1310119
"ooooh,",824133
@Listersmate,1219647
np,290408
thing&quot;,1139883
vanished,976464
@DIBSDaily,731044
Woooo,824137
@tccrt3r,1252712
@saimin,1225016
cover?,496792
rehearsing,232529
UGH!,9085
shine.,1326135
"UGH,",555229
dies,539308
UGH.,555231
welcome,892573
pathetic.,687884
gone...,839491
unwell,315121
mail!,787482
ESC,1219669
brightens,1024256
scratchy,1050464
funerals,1009592
died,539319
"edit,",1007532
jacked,433291
http://twitpic.com/7fdyd,797990
#threadless,646058
Madness,127365
cheated,27541
Pacquiao,103240
blushing,116937
cry...,645383
antibiotics,186904
meow.,1262254
Wooo!,824171
chemo,1231757
Throat,116945
n2,290459
mmmmmmmm,1059039
Ack!,587095
@chrisbrogan,799515
someone..,714626
relieve,687919
ouch,290473
@NiaVardalos,116959
sorry..,682327
:?,571233
Prince.,90573
Prolly,41375
uo,1058283
@joshthomas87,6641
wonderful!,663435
"absolutely,",6643
vet,782268
suicide,243112
Wah.,313154
CONGRATS,1283672
Dam,144624
overdid,1203916
@StaciJShelton,95922
"coincidence,",127409
Mourning,999919
hurtin,1150890
losing.,422705
promoting,650721
cool!!!,153707
@lynnnein,597739
humm,703645
singing!,18692
suffered,391145
losing!,1303335
@aDeSe,149106
post!,787936
champagne,900022
remix,653353
Hatching,211444
8am.,532220
movie??,475615
Hm,755805
@FoxWhisperer,1156172
"RAM,",50222
winning!,1115353
@tararebeccah,672263
road...,607160
mourn,698422
#CGFT,592393
9-5,1218632
http://twitpic.com/6g55n,1024346
feeble,195950
soul!,666863
@aianna21,459935
@ahmednaguib,1055816
woot!,301177
fragile,841765
:@,571296
biker,1336776
hell!!!,370000
*waves*,987241
best?,354086
@rebeccashearing,1267717
Bah.,465168
dir,1256971
"Bah,",465170
cord,121962
spiritual,295862
accomplishment,1055831
Grr,981985
headache..,808505
pms,798089
sigh,211727
why?!,391188
CMA,1188101
Failed,359399
shithole,1081876
why??,391196
ARGH!,122259
helpless,124087
Rice,69695
@Change_for_Iran,111847
Morgen,201177
wat's,1175470
wtf?!,396414
Ð¸,539451
"stomach,",1326291
stomach.,1326292
badly.,806840
ANYWHERE,989209
Hurts,1156241
'hi,887472
dust.,1179864
transportation,1214587
Moon!,138054
migraine.,829555
Mm,338249
honour,507614
funeral,64441
shout-out,787655
@mayhemstudios,1098002
languages.,1061153
elbow,511742
@QueenSapphyre,892751
Sharing,7295
Europe!,1479
http://ustre.am/2wLS),1140455
@sky14kemea,1315653
Omgosh,148575
lip.,345887
Thankful,606238
"Shoot,",251612
passengers,803377
"Ireland,",889495
Sweet!,354164
stomache,1326326
@evliving,1166915
Lotus,927604
right?),976779
bruises,391248
Rajeev,28211
beautiful?,947440
beautiful!,608389
boring...,740332
bom,747716
@snedwan,947467
boo,348856
phew,629499
Ghosts,955867
cold...,152603
FATHERS,280051
nowhere,1333904
Bed!,486404
boooooooo,338304
luv.,38309
humour,59188
terribly.,43482
awesomeee,525086
=X,320338
moods.,824352
verge,222274
@BrittanyASnow,406726
97.,530656
swallowed,1092807
@lisasamples,37924
invited?,449991
@EllaPaigeBabe,314168
Grrr,834944
Obsessed,1061214
homesick,64506
perk,1172274
hungover.,698186
@yat4ever,1273084
retweeted,1040099
"ways,",560792
Girlfriends,248530
cutee,217018
insides,792912
Fell,513040
wonderfully,934729
Varsity,1214657
Byebye,159163
COURSE!,520873
Jen!,1209382
Worst,428735
NOOOOO!,239507
Died,597908
scratched,380791
UGH!!!,196098
sharing,497029
Cover,1040384
ballet.,311893
safely.,913810
afford,810941
altar,924291
Figures,325231
cashier,756248
stressing,908573
consoles,169724
money!!!,576743
@rehna_tu,523768
Best.,79906
scratches,380807
@AliBee16,597924
girl!!!!,766770
"Life,",1019248
hiiiii,675577
slogan,1219542
collision,350293
Sage,1225314
MMS,1209412
handle.,303450
Celebrating,1045718
ay?,729911
achieve,93920
@thebrandbuilder,787327
Miserable,898193
wrong?,61802
lovin',486491
Bummed,1193559
Awsome,1034984
ordeal,1032054
corrupted,206560
"dammit,",1262510
geeks,396576
RAID,108111
@pdurham,470600
"application,",274957
hayfever!,650944
BAD,656355
Regents,582034
Bummer,1193575
Props,650950
Rockin,994032
@fleurdeleigh,1248506
messages?,835020
dat!,190913
"snap,",866508
painkillers,396593
SAD!,1076970
lacks,343690
@TheRealNobody,96168
Missing,1262533
Fantastic!,399324
THX,209683
freezes,386153
vital,272413
Hahahaha.,566172
pins,201363
exhausted!!,545820
hihi,1326462
Why,304145
vodafone,438966
LOVING,571516
moms!,1262548
hmph,829708
mintues,346486
143,1254693
crashes,1313837
Chillen,782548
others...,296071
accessory,1172396
crashed,566184
heartbreaking,333137
dissapeared,373025
b-ball,835062
Normally,173800
Become,190955
suck,232870
screwed.,43618
late!!,1009153
fckn,290772
tlkin,253948
neck,645699
@tomfelton,1241350
waaah!,380910
sp,1225415
@tsarnick,465392
congrats!!,143494
EDGE,801201
swollen,1098186
snowed,1225428
#Tonys,1287043
heehee,201412
tonsilitis,771612
"twitterverse,",148313
repair,404070
twitterverse!,1257241
pissed.,163649
Belong,534390
"2nd,",375585
no!,766881
"ahah,",43660
rhyming,496681
lyric,138269
FML!,787867
imagine!,2049
FML.,787870
"Sigh,",87606
no1,766894
Missed,22170
dreading,693475
birthdayy,1337049
icky.,1201935
Jury,17521
thumb,740537
coursework,128342
reconnect,60713
inferior,1324194
sexiest,555628
dead.,1183024
WTF,1310928
long....,534427
troubled,85602
@cheth,845724
@herojaejoong,1206218
"Swift,",43696
caitlin,331389
lonely,227681
nod,766927
devastated,333214
noticed!,520699
FAIR!,510910
"coughing,",463233
shhh,929652
matched,359696
wont,112140
respectable,464928
@_CrC_,1119380
ttyl!,433719
didn,1183061
Loveee,312092
iMovie,766956
Deadline,1098268
@Wookiesgirl,138332
birthday!,1337106
@shelbilavender,566283
shit's,231319
capped,385726
@khali_blache,43743
tear*,54203
fired,280314
@guykawasaki,933533
hiccups,396747
ughh,1156552
&quot;Be,863469
cryed,602809
feeeel,1183092
Right!,688313
territory,240061
ew,1040346
tuned,1276344
yeay,131284
ouch.,338876
UGH,1199049
ughhhhh,1077147
Goodluck,154118
"Crap,",264601
Welcome,402071
sunburns,1161924
room...,619560
cancels,1326612
@depping,423140
dehydrated,629792
Shitty,1140765
Paintball,1057229
stupid,75534
accomplished.,161321
hacked,1262697
CHRIS,1096606
neat!,1119727
"ankle,",1276080
@serenetan,940321
calming,647912
sick!!,1234521
Dougie.,1268388
Farrah,370358
onward,430165
seventh,1246805
dokie,201999
@AlohaArleen,1192740
disaster!,169952
argh,640503
@rehabc,1178188
bust.,949302
eugh,1315983
alreay,1337160
cough,898424
horrendous,373151
happening.,407387
Videos,745935
checking.,527732
Battery,185838
Sigh,273614
coulda,1082482
sunburn.,1161971
yum,1284151
@TamboManJoe,1241519
yun,738255
David!,54282
virginity,1308556
yest,1087812
couldn't.,1014203
sunburn!,221085
earache,322780
sneezing,693632
anymore.,678021
ignored,840777
grrrrr,611622
ftw!,1220198
ATI,486769
won...,730168
suspended,476100
DOWN!,1230606
62.,407438
Harsh,646158
Benadryl,504860
spaz,931795
cheers!,688405
writes,1227165
stuck,1029434
@jawar,1082523
Elvis,1288804
fml,1225639
STUPID,1040455
tragic,640573
3D!,829951
deploy,727705
beans!,1070714
hurt.,175626
@erniehalter,639257
"PHP,",122695
thar,829960
x(,802498
Neck,704154
Coursework,305663
"blows,",235061
*sniffle*,1140855
back!!!!,115101
alas,651245
@shandreen,793256
Cinnamon,227854
recommendations.,1082555
appreciated,259438
now??,1257465
Definitely!,608791
exciting!!,1051049
unfortunately,566447
depressed,127946
stll,951000
typography,602393
dissed,788074
booted,814159
schooled,1072087
badger,483939
poisoning,610799
dissapointed,1305415
illness,1098463
sad,897497
Experiencing,1315644
nicee,1320357
R.I.P,772367
rained,149034
Hilarious,432899
â€“,497390
L.A,444653
Sick.,381186
course!!,929155
nott,64893
bailed,264768
sucks!!,59635
Funeral,924690
@deanomarr,28146
neck...,715631
infection.,813307
congratulations!,971984
damn.,465458
pimple,1014330
WOOOO,582395
Wont,170112
heehee.,198294
tally,1037186
pain,961617
act.,1025930
mmmm...,330971
ust,1089855
urgh,1072138
"taste,",22939
@djksly,798631
@minkus,107147
purty,1172717
canny,1193954
knee,897805
'real',624757
woooo,496574
Fail.,270071
radioactive,1108998
@janders223,196507
songs!,122530
@shanselman,180759
@Donnette,33529
@Jon_Favreau,402734
Celeste,809058
proud,354669
infections,1035353
tooth,1252289
crooked,444697
HELP!!!,635330
nuclear,1186100
killed.,1241680
mass.,803866
filing,1082660
alone.,1045137
bawling,987853
follow...,788162
horribly,1212591
tragically,852966
???????????,301774
mama's,1172135
mad!!,1024966
@freosan,1066293
WH,856357
instead...,1130314
Role,746128
Lovin',569520
unfortunately!,317082
unfortunately.,502882
Smile,540000
"unfortunately,",502884
ANNOYING,12589
@Pentenscribes,1326870
wuv,938850
@michaelmagical,561271
onli,640744
@sharonhayes,645520
Ugh...,1241710
drama?,1156835
@MrJackO,951129
@snufsnuf,164884
storms,96598
RIP,967088
shoulder,813342
Awards!,866945
Sucks.,1257608
actin,381291
germs,54498
hamish,441417
moldy,44106
3:30am,54013
Sucks!,1257611
loser:,977329
@RealZoltan,560848
space!,861652
Enjoy.,688180
Enjoy!,688182
'tis,851213
BNP,1045425
freezing,212355
Somethings,268434
cursing,1190319
cryin,977348
@MsJuicy313,687808
deets,186421
Remembering,1135731
@Dave_Annable,785697
resource,1148885
thanksss,1194043
hehehe!,358401
TTYL,1109091
fainted,587818
tear.,909115
:'(,164932
pains.,59774
"ouch,",338878
priest,212380
#followfriday,23050
WOOT,380390
hoped.,1114461
alone...,634586
worries,96363
@just_another_1,824946
neat.,1321280
"'em,",305509
ouch!,688383
yum!,678018
Thanks!!,333578
bites.,756786
(Please,217571
award.,1098647
singer!,667555
Sneezing,175627
bites!,756791
Solstice,1167522
#8,1135764
hurt?,175637
má»›i,835356
icky,818037
hurt...,619579
windshield,740957
cute!!!,133407
Brilliant!,107168
ain,1230075
lonley,550792
father's,667584
owie,656898
anymore?,678035
voted!,730440
motivation.,982664
dieing,1057376
yumm,112564
connection.,1326986
killing,201883
Ð½Ð°,425986
Damnit.,1252446
hurts,175678
tue,370751
"deck,",487086
way:,1263072
pricey.,62428
sucks!!!,138729
"enjoy,",1268458
Happy.,1194139
@lancearmstrong,609043
enjoy!,1268461
@cArtPhotography,138734
dedicate,1300457
cables,1004312
check!,877611
@officialcharice,1003888
disappointment,1045949
avail.,2143
5.30,1329635
torrential,793529
...i'm,1281735
sick..,1046116
affairs,506804
pox,735710
Yaaay,961825
3GS,122985
@Netra,788331
Really!,714802
@AwesomeFrank,856537
nooooo,444883
poo,735721
@kirstyrawrr,1061860
Woohoo,523304
@xamylouise,1199453
@ausi1,1059184
cancel,117779
extinct,54862
DIDNT,1098738
@alexderossi,407784
cramps,972210
Beauty,1093450
"dork,",825366
barry,1300391
3Gs,123005
Sit,316900
Urgh,1130491
hurty,175683
Dentist,344285
WORST,91422
NOLA,52661
Knee,207183
featuring,777820
Exciting,434212
630,1051336
what're,249189
@TYRESE4REAL,413012
relationships.,554499
robbed,460774
coughing,1332342
ass!!!,194331
Sucks,561874
@TalindaB,938019
fail.,545469
hahaha..,798861
@blueparrot2,840910
world!!!,1093476
Learn,982751
FAIL,1009310
@khanserai,1088821
badly..,852996
felling,783153
sniff,938020
4-0,619700
Ick.,772636
disconnected,877689
docs,298830
hahahahaha!,11818
worried,1141047
Ouch,444936
disappeared.,18053
#iranelection,783167
Wasting,78241
dorky,1263173
slippery,481861
pcd,1110042
cancelled,940788
@basseyworld,459354
slippers,767902
ein,217729
Dave!,1215965
internets,1311082
metric,44841
you`ll,112688
*sniff*,418280
sprained,1003979
Good!,312595
Gooooood,152733
alright!,534977
limping,339068
@Akelaa,107425
@Tinkabellastar,7535
@xbllygbsn,1098818
wtf!,492468
LOL~,307293
Ow.,1141252
shuts,815222
lost?,235125
locking,165135
Dang!,80961
tater,1188943
raining.,1289854
kidney,472866
stepped,1004003
retweeting,312627
you.....,735838
wimbledon,961937
working...,741150
working..,18112
males,456336
"pink,",1056672
sickness,254591
era.,1142075
@andypiper,117869
Break.,914413
alrighty,509272
welcome!,396
"Booo,",772701
@stratosphear,603882
Booo.,772703
Woo!,814550
"y'know,",1158727
tiny!,291476
Booo!,366312
Pork,762274
awesomeness,466049
MISSING,339125
charges,492523
charger,492524
contacts.,476225
Haha!!,777934
Germany?,1120887
goodmorning!,12891
@mistygirlph,1273918
vomit,556968
Oww,1141310
site!,888175
@iantalbot,1210168
"pasta,",217818
shameful,68652
followed.,993523
nÃ y,720204
time!),286207
composing,435978
@ahoova,667808
asleep?,603924
song!,512780
do.....,238839
fair!!,175880
Missy,825215
storming,112779
Pleasure,609944
Kevin.,904157
dm's,898905
@TiffanyGiardina,360302
Simba,639712
@SuperwomanAK,1233047
asthma,1300550
possible!,588096
yaaay,1236770
@toodamnninja,603948
Yumm,170534
follower!!!,767569
chance...,762337
sorry,347409
Lovely!,783294
Olive,1237994
scrapbook,1009448
@McFLYFan_Katie,956555
seams,1337738
Dammit,107536
GOOGLE,1153054
miserable!,934809
@EmmaJaneR,503026
stung,259925
mop,611244
Terrible,967214
exciting!!!,1252682
((,720269
@1sweetwhirl,988235
Gah!,332805
confined,735944
Tall,1051531
celebrate.,169646
alredy,804255
disappointed,160007
grim,898954
grin,898955
again....,607322
"career,",1301917
ilove,394010
Yummy!,96979
missing.,898959
Omfg,783327
missing!,898961
keyed,133364
towed,186430
posted!,972427
#jaljeera,1136068
sick!!!,837636
63,903980
donations,270520
nose,709879
cant.,1236823
claw,1153285
Dress,540379
4got,1349102
nauseous,720947
YUMMY,1104275
boooo!,699406
@MuscleNerd,482065
death...,1035790
overheated,819938
ewww,386936
doll!,625856
"&quot;Hey,",619909
broke.,877888
@FUCKCITY,223179
@karlerikson,373414
divine,254722
@fossiloflife,614633
FIND,1220793
broke!,877897
Listen,630474
*Sigh*,1051574
"Center,",7701
Shame,1096964
nooo,233688
Answers,635805
Bulls,972469
tots,487387
nutty,442750
:$.,805853
crying!,1085771
crying.,365723
"crying,",847967
pinched,359107
sympathies.,1281968
destroys,107608
biased,804319
revision!,522626
@amber_benson,851596
Congrats!,1189113
Stranger,805930
citrus,906157
"Congrats,",1189115
@xsavedgex,478411
Congrats.,1189117
@ZnaTrainer,1194452
:'-(,307477
kleenex,60160
Damn!!!,715094
broken,877933
itchy.,993655
fractured,383415
itchy!,993658
"two,",1039060
MISS,1141453
giggle,962123
Me',1109502
&quot;Star,420894
sorry....,909514
ack,191800
BEST!,497963
Kisses,461033
@katriord,25214
"awful,",310774
gums,577663
oy,207488
roam,1173235
Message,65450
sry,556404
amber,376437
WHY?,964999
Absolutely.,1173246
protests,956877
sudden.,409498
Congrats,641238
http://wave.google.com/,985554
btw..,368106
Absolutely!,1173249
blessed,392270
recommend?,1035875
worried!,1311338
Add,1337885
hanger,755111
determine,1348514
yout,239029
"yay,",170698
worried.,1311349
@Amanda_Holden,10955
@CateP36,328798
rainy...,995166
"flat,",102403
crunk,291700
downed,1302668
screwed!,43614
do???,909563
NG,254827
hee,720423
Suffering,1046302
Birthday,848431
sad..,1258093
seasoned,1281802
Great.,1048773
misss,1099094
booooooo,323482
boo...,851665
"HEY,",1164713
recommends,816830
another?,445250
money...,1093800
Twitter!,256886
Stevie,296991
Ahhhhh!,772933
Tnx,1274133
strikes,730850
spider,1160580
$800,1025498
Tummy,1006417
Tetris,941096
multitasking,662729
unreliable,466279
curse.,1292301
@miley,783481
Trailer,328842
Ad,1339400
Duty,962210
sik,1074362
burning.,1167980
@iphone_dev,854145
star.,569895
Woop!,930520
requests.,993764
sadness,1064787
awesome!!!!!,1345506
"he,",720475
@Eric_Chambers,479096
Retweet,147462
"chest,",16962
"bud,",144387
words:,228567
Farmers,668045
@SuzanneReed,415577
excuse.,816229
hbu?,76059
*cuddles*,714775
gift.,318235
Wings!,1316749
puke.,1303069
@brentbolthouse,1263559
tengo,974900
begins!,673475
deed,392367
poo.,1189252
research!,883287
words!,228584
c.,1207396
details?,767806
hasnt,362900
antenna,620093
Goooood,170787
@ModelSupplies,117880
sick?,751981
sick!,751987
regents,967446
yummmm,1112082
trick.,339426
trick!,339427
sposed,830713
09',656452
website!,439966
sick.,751995
"sick,",751997
poor,1189277
hospital.,387145
"hospital,",387147
advice!,717920
FIRE,746725
Boring,799269
Noone,270733
nowwwww,1252928
pear,1144071
ICE,207639
brat!,1019922
Fuck.,212923
"Fuck,",212924
SWEAR,1025573
Nose,767844
holiday!!,725729
accent!,402890
IMPOSSIBLE,983170
puked,668106
crappy,569423
sneeze,814875
Empire,64317
ICU,207650
Fuck!,1282137
worried...,18466
20mins,1322144
too!),471626
#andyclemmensen,1176025
sicky,752014
wrong?!,783392
@leightonmarissa,70880
moonlight,260204
Blah,39431
@PinksTwitFans,328486
shelter,286496
sickk,752023
fml.,225983
overseas,514192
evening?,281218
cpt,867577
WOKE,254958
Freakin',118298
Sell,748069
Trish,710134
filled.,19763
worse...,1332799
allergy,773044
12hrs,641392
sunk,814912
Unable,149782
YUM,176201
THANKS,585831
grind.,386618
@Gingernyc,773053
wernt,1274272
meditation,1285009
mommies,1152187
disgusting!,862290
dreadful,1223922
ty,1141660
adorable!!!,1109708
FOLLOW,858135
loooking,1226495
removal,291866
Thankyou,678892
@thebrandicyrus,1173455
smile,909743
hellooo,97279
Vs.,1157512
@erichalvorsen,1343416
waverly,7961
fax,249669
Ack.,587101
Shit.,1157516
puffy,13279
LAME!,1046483
overdone,202461
sono,249682
"Personally,",551375
wondeful,440071
plaid,162448
worst,744453
wish!!,694508
@esoterismo,213005
awful,904529
manageable,23702
broken!,1290303
NPH,376671
sumbody,692205
broken.,1290310
Noooooo,54606
-1,302497
booting,1165906
damper,752105
throbbing,1229641
earbuds,76209
hvnt,286608
OUCH!,202495
what!?,508892
him....,144546
GREAT,239259
Tune,797876
GUI,176279
@HennArtOnline,471728
built-in,782238
duet,761260
I;m,954940
prevents,939772
"should,",841428
toe!,694547
WON'T,920199
perspective,1109785
lightning.,55185
wishes!,459890
"tag,",567321
Join,403014
chuckle,767969
mention.,181503
Tried,1147034
Austin.,1030930
@Uk_joedan_fan,657562
apple!,851014
Demi.,1072924
mention!,181508
@SarahHorvat,888777
nang,809838
EE,1004853
@Natalie_McLife,825667
study...,173155
fuckk,487733
hijacked,855676
pic!,783706
sux,1200044
fixed?,705005
iran,302542
excited!!,978088
@WOAHAmber,440150
Proud,1231919
modify,300583
special!,1087336
@Original_One,1113257
vomiting,276143
will!,896192
greetings!,813847
selective,50043
whoooo,1113715
written.,296698
iraq,302557
tragedy,1115181
song!!,1338195
fatter,1046583
@JoeJonas1Fan1,1020501
tortoise,374809
attitude!,81495
"cinema,",81496
&quot;Best,916465
"Heck,",1004526
cust,1164497
fuck.,487775
@ManMadeMoon,1185364
hamster,783747
#goodsex,23793
stoked.,239334
Yup!,1253131
sweetness,403075
"Yay,",228819
fuck!,487786
paperwork.,554953
hahaah,1242488
yah!,376768
best..,1184163
@david_henrie,707933
SUCKS,867740
@TheWineVault,318488
Excellent!,1088833
vip,657631
BAD.,519677
today...so,792908
vey,782280
@lightsresolve,955505
suck?,13408
@evAllTimeLow,172259
yeah...i,47514
kittie,1020545
@MelanieFresh27,329143
Woop,814494
puke,562095
You!,297307
suck.,13422
omgggg,983389
Miley!,588602
@maynaseric,994047
permanently,871571
injury,197389
label.,1092054
wee!,1284585
suck!,13432
"hahaa,",1242527
roommate's,909921
no!!!,424255
chucks,593919
@kentgarrison,846860
FML,118494
encouragement,822444
broke,281458
@AceMas21,551543
Fml.,576521
kendra,957253
Nice.,750754
sister...,149993
????????,904689
@latifaM,197416
sucky,13465
canceled,640992
take?,809956
Fathers,987252
sucks,13470
TSCC,544727
@iamspectacular,794497
thanx.,593940
Follower,915117
Arghhhh,663090
shit?,81593
Whyyy,783831
sigh...,1295769
i'l,442885
#sytycd,550945
watcha,382176
thanx!,593947
wtf.,492464
#Fail,1092343
Gosselin,249883
stomachache,546224
Tooth,881998
joints,841591
#ff.,567489
neglected,192244
sicker,129187
loosing,1025216
miserable.,155219
@BuzzEdition,60619
reliving,307943
toothache,191564
ughhhh,731223
lover!,498643
needy,519779
tweetin',583368
thrills,1316433
@Beverleyknight,276283
#ff,1269260
boooo,101589
@MelFresh27,527406
Loving,569480
playin',731247
smokers,607417
simplicity,503779
painful!,1025895
aches.,71179
@sarahprout,689478
@alexsheppard,983486
Nooo!,915175
craptastic,1004676
Pass,482788
genius.,477216
painful.,1025903
"painful,",1025904
sippin,1078322
joint.,841643
numb,799595
epic!,967778
You!!,1194954
Italy?,506704
bleak,122687
Montreal.,943499
susah,694763
bueno!,715622
crowded,647031
Sweet,578155
confirmed!,609870
twisting,1030128
booo.,1141951
ortho,213253
Candice,118600
Likes,841666
scaring,1295858
pleasure,38744
@pervetastic,448871
hehe...,694783
uninstall,50247
burnt,269150
Forced,773362
Alliance,667527
missss,852128
greatt,994204
Nervous,86896
ffs,1316224
disabled,673094
tooth.,519858
Around,237467
jeez.,502951
smiling,186132
"jeez,",308028
SF!,873217
bummed,1015404
messed,239597
fair!,8281
graduating.,831124
Telstra,313374
hurting.,1046772
"hurting,",1046774
grounded.,910063
Backstreet,312525
symptoms,1269335
vomiting.,1061878
Good?,312594
@thehoosiersuk,1195019
bummer,1015424
nifty,804865
Losing,652408
SORRY!,720915
@libbyoliver,524421
CHECK,999523
truth!,867953
tragic.,387555
lookout,329319
goof,668505
hurting,498532
Yessss,181782
GAH,901478
Worried,747132
Youth,562296
2G,1237486
"Birthday,",339861
Stoked,778663
Birthday!,339866
Bah,1004776
nectar,243164
marcus,1327910
hero!,599383
robbie,836463
THANKYOU,81861
Disappointed,835678
Globe,583504
Lack,815324
sucksss,1274649
waste.,596888
xoxoxox,641797
@howlertwit,778683
Thanks,700033
worries!,1266805
downside,1023464
Dreading,1073210
http://bit.ly/PmvRY,12859
today...i,583523
difficult.,244821
colder,1327941
2hr,804920
Gutted.,92312
wires,254587
@JMatthewFlyzik,1073222
@1jaredPADALECKI,392837
Crying,1225096
Ow!,97577
Gutted!,92319
DOESN'T,973112
Twitters.,1105990
worries.,1266810
Yuck,108260
@Hanster7705,377037
@angelajames,472088
rescheduled,432337
@tommytrc,1062797
misses,1290708
Wtf,826003
Alright!,190717
Sunburn,129149
ftl,1333243
salute,1285064
Cool,1195107
&lt;/3,498611
BB10,1301327
3.0?,1264062
@llordllama,960824
blue!,403377
loop!,72108
@KayleenDuhh,794459
Anytime,710598
WITHOUT,13713
"3.0,",1264077
backed,1026080
"couple,",60001
Charlie's,794470
blister,757801
cheers,139710
Congratulation,525337
revival,1346557
sytycd,213404
muscles.,498638
terrible,1253416
terribly,1253419
curious...,1115519
luvly,562397
shoutout?,994361
Ew,1004897
lover.,498653
promoted,641519
Cheers!,176682
doctors.,700130
mish,1253436
this??,742024
Oklahoma,271241
Hugh,1073292
@nileyxlove,304682
@BrianMcnugget,752521
Grrr!,789300
dins,873285
mountain...,92398
Bless!,1195165
yay!!!!,451170
Dinara,726272
miss,1253453
exams...,822497
Grrr.,789307
Cosmo,573035
aghhh,647250
wishin,1142150
excited!!!!,1232288
Slight,208143
impressive.,292357
divorce,1004922
begin!,517428
hangs,1073310
numb.,192508
Cheers,244935
wonderful,302961
paycheck.,1182664
Rubbish,841879
compliment.,1046972
pleasantly,620721
headache,831347
Grrrr,789329
pains,1301394
din!,145016
alright...,896262
Hangover!,836855
cupboards,504923
SINCE,1052343
scooby,440573
@ItsJustDi,1322711
dentist,731516
doctors,1322718
T-T,1329804
trolls,266011
ok??,773614
Shoutout,941782
2DAY,507681
squeaky,29374
@xmellyssax,514920
condolences,594251
@ChadMichMurray,197723
shity,81550
&quot;off&quot;,92452
@zaneology,599549
tummy,525628
@aTexasAttitude,1145117
@e_bookpushers,937295
"woohoo,",1211063
@butterflymaven,993509
woohoo!,1211067
Alexander,739416
declare,1237686
gonna',610128
did't,610130
experience!,978818
gals,504100
Motors,583697
Thnx,557173
canceling,1057615
#musicmonday,1264471
@starlingpoet,1151090
Carradine,826133
ROCKS,176774
Father's,599867
gale,504109
weeeee,318931
meltdown,668740
&quot;Just,1158051
vulnerable,1041825
Meh.,1242929
Mushroom,171476
Clicking,176790
trance,472243
fashion.,826152
@teambudd1,1174068
Teri,635820
bad!!,525477
"Hiya,",815530
"performance,",1275308
@Minervity,989051
@pamjob,61400
irritated,185459
loading.,663405
@pressdarling,1262946
...too,520113
goooood!,1031431
Gone.,978578
Thx,1211117
grad!,247171
Atl,836703
Go!,1062992
it.&quot;,616272
yawn,108457
virus,863438
@keshiaford,504158
"housework,",155611
laughter,290710
Philippines...,736848
tongue.,525512
giggling,393047
@khaled,852423
CUTE!,799925
@BeckyC3,1027033
@rmilana,1264243
artistic,742173
Ryan!,1068226
fetal,796357
physics,8590
Hah,87230
@knealemann,266117
ugh,255625
humid,810365
blended,679508
Motown,679509
OUCH,878804
chanel,765934
JL,589095
nadal,124152
Lennon,1063042
out...but,435362
Ð°,539458
@AnalystAlterEgo,767543
Poor,1344054
wraps,594382
recommendation!,1148356
@TWCWeekends,631390
recommendation.,1317521
unhappy,899935
failed,276683
starving,610239
medicine.,1328229
late....,234579
pleasure!,171579
"tweeps,",61069
unpleasant,158990
"heaven,",684686
downpour,1057740
dependent,319042
heaven!,684690
attire,926827
Tasting,667307
@Hitman1971,626161
ferret,1216492
anxiety,1227083
shanghai,716632
cruise!,1057754
wish...,953183
Whatcha,1280320
nagging,482856
sleepover!,674270
funerals.,314728
tryed,1233795
revelation,260402
choc.,666426
idiot!,773779
withh,29563
Thx!,994589
crap.,92433
cry,805225
style!,658193
Bluetooth,419436
Damn...,1232522
reali,639324
delayed.,1243089
lady...,853470
Jonas.,87584
Ny,254799
Schoool,40152
greetings,7608
cramp,1211234
@thebeanboy23,488309
Hmph.,525607
devils,1174209
can't...,1265774
for!!,747507
France,176939
"weekends,",869037
ard,334922
whyyy,1152878
overboard,931354
sen,700397
angie,324358
Goodnight!!,681130
Homework,119021
"migraine,",829554
cosplay,1232617
at...,71652
shirt!,761468
FAVORITE,1163603
myspace!,561399
migraine!,926156
@TheEngTeacher,239980
flavoured,166951
Tehran,1232565
Mmmmm,39997
burned,140017
sick...,218930
@JunkFoodTees,271500
hahaha!!,467182
restless.,654149
missing,1233892
pisses,98018
sold,1174016
confiscated,863092
baguette,364508
whyy?,1152923
effed,1105283
@IamMaxatHotSpot,462002
devil.,1174259
ill...,136117
pissed,98030
floats,717440
fan!,1237917
noes!,1195475
sharing!,894758
sharing.,894761
cuts.,1129752
"Mmm,",19261
Jan.,714113
goverment,1329788
"knee,",658294
@Emsy,509658
yards,908488
"price,",456796
battery,29674
headachee,836910
@andysowards,1344874
nvr,722885
#Iranelection,255808
#WWDC,534221
dancer,1012126
@tpr2,852603
nettles,19287
knew?,1094756
TMI,1306580
Hates,14084
headaches,836926
handy.,410666
Stomach,124328
@ThePISTOL,875892
hillsong,1110542
Margaret,1344746
froze.,947369
boot!,811129
trilogy,1015816
lahat,599832
FTL,1333543
@Bytor2112,488404
there:,800137
funny!!!,1227335
loveeee,684976
@BigDaws,421077
headache.,836955
lost...,939091
wth.,304321
here:,285341
"??????,",262829
success!,705730
dance*,393278
@Fejennings,292729
NJ.,5403
Pics,936763
@SharonHayes,544782
recalled,1232662
Donna,1190245
gah,562804
towns,1206085
canada.,24
shool,965118
Cute,663746
stolen,758191
DIVERSITY,1184899
@estoni,663749
Dino,203307
battling,138073
candles.,752920
Sales,229562
heya,794918
distressed,441515
accidently,515092
@KrisAllenmusic,852664
3.30,557504
Hating,675053
:^),319240
@OscarTheCat,842247
Update:,145398
#followfriday!,800191
Grounded,663771
moment:,1207560
"#followfriday,",800195
(pinpoint,1169006
@NileyLoveStory,831705
disappointing,1158375
celebrate!,169655
rocks!,393338
bedtime!,989456
grin*,704667
chapter.,1201930
SWEET!,621117
shat,536321
noooo,1285928
migraine,605198
@jasminekpk,1232713
achey,393351
conversation.,557538
@garymurning,661891
Cops,14174
itchy,1094874
eww,1005344
secret?,894715
@scottrmcgrew,266416
kayo,823433
wonderful!!,504520
flooded,931554
3gs,472568
sister!!,1344347
hello!,1339017
*cries,358472
Download,272450
stinks!,8894
@serialseb,1232736
smile!!,250570
stinks.,8900
http://twitpic.com/6np19,668147
pills.,477920
Noo,9255
sorrry,92842
@delwilliams,1056762
nooo!,708300
2009...,66593
Bakery,133687
bruised,391263
regretting,615834
ache!,393402
WTF.,721508
...why,964793
logies,387773
landmark,1055060
sulking,795005
ache.,393407
stating,61349
"ache,",393409
sorry.,423758
pollen,145475
chord,50885
"memories,",308709
hurrah!,1121303
Aloha,789770
http://twitpic.com/6g790,847593
Madre,271733
Cancelled,593415
Wonderful,1200902
Statement,382912
Horrible,1058044
race...,56538
Bored,858020
dito,683765
gems,292863
Deluxe,990864
"flu,",840387
tablet,145503
flu.,477966
found.,835783
admission,613005
Sigh.,87604
;_;,50524
aloha,721541
@JoLoPe,626486
"Demons,",1052797
follow.,753053
Mann,1284733
crying,826559
follow!,753058
brainstorm,1068580
hates,287514
avatar!,936450
@mkayes,124522
ha..,621233
emergency,594757
loss,938269
idea!!,1339102
hatch,100506
triste,726784
@theteganandsara,1211546
Air,568269
shitty,950100
suffering,721563
Classy,963338
Ow,171945
Woohoo!,721569
blech,182452
moody,821231
@ciararyandreams,1013425
jobs.,56118
"throat,",789836
*waves,504636
throat.,789838
indication,1132035
HAPPY!,665216
FD,129770
disorder,658551
badly!,806845
pain...,253446
Dancing,1190427
Share,98311
fathers,1000226
unloved,319426
all-nighter,467016
@imrananwar,884471
withdrawal.,1186512
Tragic,826613
3.0,716389
Typing,968545
SATURDAY,1174540
"Hell,",679935
Economy,557686
don;t,568324
@mp3mad,816013
BORING,425161
"Look,",560578
warnings,546591
R.I.P.,1339171
Jumping,298212
@ShawneyJ,340971
#FollowFriday,170590
(H),637133
Nice,1090176
closely,446069
Sunday!!,547067
universe.,726866
comment!,364397
day...i,472727
Noooo!,661797
example.,372334
"cares,",1142254
sigh.,361736
raided,913573
refused,402915
@smosh,425182
Bom,942360
Hittin,557722
Boo,942362
refuses,863426
ache,51013
@nicole_b86,1079166
Hello,679974
nauseated,478483
IVE,1227610
"forget,",1232910
unemployed.,169733
piles,921206
RAWR!,578996
NOTHING!,39688
AGAIN!,1264750
"competition,",515360
unimpressed,619019
summer??,1085315
backlog,283580
so....,1073916
"Fun,",82513
classics,1232927
bleeds,800430
misplaced,245556
"stress,",633810
&quot;Never,774214
sniffle,1153323
Yaay!,361786
@greeneash,1227642
brass,312965
@DrRus,1232942
Helps,203580
HATING,837231
sakit,818080
drought,1118290
stitches,1264787
love!!!,842517
medication.,914091
cable.,1004331
hehehe..,257800
Where'd,900420
ugh!!,1191721
Hugs!,718522
FAIL!,1047631
WOOHOO,827041
Blah.,968647
blows.,235059
Street.,457137
Excellent,56253
cashback,346269
"niece,",361814
Blah!,968653
scared,1159912
FAIL.,1047643
plunge,568430
@EthanSuplee,905663
Help!,203607
relaxed,616055
motivational,351265
succumbed,968662
Congrats!!,203613
Cedric,384357
@featureBlend,1344605
sweet!!!,1123589
familia,667467
cram,811186
Switzerland,1318024
help....,435920
Unpacking,451893
cramping,1000361
chiropractor,1211713
caller,335405
bio.,1185237
@dwgirl4life,460700
Added,296213
BOOO,1132208
C's,526100
FUCK!,1158912
Pity,892821
"helpful,",245637
sad!!,739527
http://twitpic.com/6q1om,23337
fans!,1192805
introducing,274904
lost.,235115
#fail,690417
(re:,324851
home!!!!,1254189
smile!,1021573
"changes,",742751
crepes,821435
comments?,861157
smile.,1021580
Chillin',947772
Ta,1105754
A!,1339340
grt,293101
grr,293102
@stfumichelle,340732
fears,1190601
invalid,404177
"grr,",880487
preventing,24913
smiling.,1321850
A2,1339355
ugly.,393690
Wasted,680106
smiling!,895234
smiles,1021606
everybodys,1148174
Iran.,984707
beatiful,478250
gross,877899
&quot;Let's,1312778
missin,1107981
goooooood,552582
sory,125016
Laughing,1222324
puncture,19735
@mmm_gash,910998
blah!,1243651
earphones,600272
panda.,1073139
shining!,1349972
Lame.,114347
work......,539176
insomnia!,409509
@UniqueGuitarist,140545
f'ing,340771
uncool.,326017
alongside,1253525
@seanmurphymusic,685269
Whoop,826838
HILARIOUS!,202349
2001,921390
junkie,648485
uterus,690489
failures,921396
na?,579177
dvr,1275598
@rampantheart,937203
Perfect,208329
rubbish,1228012
squats,327213
Paranoid,1075824
@MATT_369,520819
Spock,140573
gb,874214
8:30.,166839
FALL,177526
@Boomstone,1273811
Progress,1312830
strep,930718
@williger,1180102
&quot;hi,826878
FF!,1137678
LOL),307321
Nom,9253
gokey,1201242
compose,774407
yaay!,637368
#peterfacinelli,795386
rewarding,833206
Argh,86744
dislike,277335
Sinus,140596
Max's,531457
jinxed,642782
Mmm...,679141
PEACE,452048
failed.,335547
highway.,974050
@alydenisof,973353
"Church,",1032155
wavy,430702
trough,219511
cellular,219512
Misses,22179
looooove,732347
Enjoy,968853
severely,795419
paint!,704697
respectful,1302250
retweet!,35581
#tcot,896598
FFS,1137726
worst...,933951
Woot!,805894
@dhempe,1307558
away?!,188071
relation,836750
choppy,963677
noted,1011162
G'night!,554517
uhhhh,765022
"alrighty,",1183732
cannot.,1076082
owwww,130098
bleeding,288678
flu,582005
allllllllll,553499
@hypnophil,1312902
album!!,145886
@realmfox,182832
grrr,880519
damn...,219544
@ChrisCuomo,251030
yayyy,911128
3G,1153588
unhappy.,616270
@RobPattzNews,1132420
Headache,874309
poorly.,1079456
formats,446257
hmph.,895377
unavailable,103948
@weshotthemoon,161690
anthem,1005858
labeled,449557
preety,515645
(Sorry,863739
Yeah!!!,1118384
gn,874217
beached,778081
grr..,642853
3g,1153613
Drs,1005871
HOMEWORK,425505
SUPPOSED,190884
yayy!,911153
booooo,699446
Impressive,209108
FTW,224835
Created,1254383
upsetting,1190781
sinuses,251069
gathered,1079483
447,224841
sins,37920
*sad*,458395
lovely!,1057846
boot.,811123
Yum,456788
Supposed,595176
@gourmeted,921527
diagnosis,474306
@HipHopJunkie951,958469
bode,584600
irritating,636894
bloopers,938197
overlooking,774374
headache!!,351531
@InkBlue,319813
bites,327866
Tequila,515687
skills!,1254409
disappointed.,1335207
Twitters!,1105986
Mmmmmm,77611
added.,1047940
Grr.,834998
Success!,886722
wie,1063850
foresee,9396
dolls.,1174469
bittersweet,1074320
limp,77625
shoved,1265090
@Leanne0710,1196143
sux!,251114
Fml,467888
@daysdifference,743000
decrease,1238600
"cousins,",234079
SMH,542151
dentist.,1339608
redo,884895
sux.,251125
dammit.,1262508
Silverstone,167011
fed,124982
refers,1300674
metaphor,664363
@SofiaMiller,758837
@anca_foster,218841
Annoyed.,1185523
breakup,1174960
Huh,462720
dreams!,1186927
"awards,",569684
injured.,393935
sorrrry,568748
"fresh,",686428
Broke,1254455
GORGEOUS,827043
knuckle,942747
bangs.,77660
@roshnimo,645646
goodbye.,100580
ALBUM,445570
dentists,1339637
ANYMORE,795298
Gud,526399
THO,209691
econ,1275816
sir.,193496
occurred,995158
infection,632264
cooperate,1344690
sore,125019
thing's,74617
smile?,1021569
phone....,858316
ashamed,542196
txt.,1344763
alil,900775
aircon,202224
sweet!!,842886
needle,794540
NOOOOO,1099965
ch.,267023
jeep,819998
shoulda,841478
praise,383370
LOSE,827086
Vote,1254505
chocolate!,1313065
aweful,1132459
Scared,1259805
@taylormosher,948076
color!,1085939
Wishin,521050
LOVE...,452254
Joe!,1136553
awesomee,963854
@unmarketing,264429
@mybonescostme,648323
Yayyy!,1058644
"yogurt,",811251
Homemade,14779
@jessicaveronica,764203
cat...,77708
Jamming,659079
YW,690770
lama,1069126
"cancelled,",523313
memorize,293453
@ordinary__,1211740
bunged,737810
WISHING,1037549
@bubblegarm,68092
@elwoood,1042815
*tears*,367531
yayyyyy,288178
elliptical,621802
sad...,574239
@jasoncastro,109436
can;t,811278
happened??,1339725
watery,246013
Figured,325220
Diaries,634968
@DavidKirlew,1027209
peeling,1069299
lÃ m,769431
boooooo,1141645
awesome?,963903
lines.,1228093
wrist,779870
tier,995485
ties,995486
Gospel,595344
stiff,156358
EXCITED,627066
Grrrrr,261835
CRAP,235513
tethering,1058934
likey!,1100844
bleeding.,703898
sucks!!!!,251251
Ewww,341101
sidewalk.,1201536
Thanks!!!,1324096
"swollen,",696085
gone?,711739
swollen.,696087
classy,1313160
@LexiePixie,595371
@suesshirtshop,1106157
chain.,1345873
necklaces,370178
@LittleLee,130339
Shame.,1204618
On!,1185602
@'s,921734
inspired.,942883
Ouch.,1312192
"Love,",900885
insight,1185664
"orange,",653732
wawa,1074420
flopped,659159
damnit,679563
hahahaha!!,1324242
Blueberry,173033
again?!,1027710
noticed...,478655
delish!,35858
crabby,995534
"lonely,",1164479
lonely.,1164480
lonely!,882954
@fddlgrl,1090334
@ctham,441489
walnut,93569
Thanks.,885074
sorry!!,1074437
article!,611236
names?,715120
Brooke,595413
"surgery,",687774
Relient,900653
Bollywood,288180
Thanks!,547842
Lovee,900921
flex,1329210
morgen,1270648
died...,193656
@Oprah,764323
Heeey,890306
freebies!,1106201
Solid,277678
Bowl,561747
obv,216667
@lesanto,415686
Hahahaha!,566173
happened?,414363
unfortunate.,885101
dar,234953
@WollemiPine,436422
look?,70615
forehead.,593552
"count,",284055
struggled,441649
dream..,1334974
4:45,1249366
ultrasound,262718
@itsmeleighton,895679
scenic,848305
ASPCA,167221
Sad,67350
Exciting!,942955
slipping,711820
Downside,596158
"omfg,",606692
'How,665870
muffins.,737938
@mikecj,51598
sunburn,1324462
Veronicas,584873
oui,611294
activate,1175199
STAR,320065
Pains,930467
aggravated,537121
AWESOME!!!,425820
8?,737961
exceeded,775620
"decided,",468153
Crap,765788
HATE,83095
87,737969
"vegas,",304178
dsnt,648504
KILLING,226026
Yayyyy,1058684
"following,",25408
@MuchMusic,362395
recipe.,1101884
disapointed,927151
dawned,606029
@kacymariemae,980977
tests.,737990
@TomVMorris,1295596
ill?,1088069
crazyness,672673
anyhoo,572961
families.,891378
allergies.,256745
Oven,475009
allergies!,256751
Upset,1233590
ill.,1233594
WOO,20225
Stupid,796833
allergies?,256759
nicked,569420
@bobbyllew,68126
@TravisGarland,1064162
Drawing,9695
ill!,1233603
@karriedaway,1006000
Outlook,765425
progress!,565291
@vipvirtualsols,816714
Poo.,1344122
NOOO,822005
XOXO,995664
song!!!,1106296
misssss,236788
Tks,441855
fatigue,558222
annoyin,219938
spilt,1207011
"Remember,",1138165
hurt!!!,1260066
@maellability,1169900
MOTHERS,83154
Migraine,890435
SYTYCD.,616654
@ThatKevinSmith,378405
@Bball4life,21786
economy.,267292
Prop,151533
expensive,759782
@camiknickers,902256
blows,1122128
precisely,51689
Guns,1175293
Hasn't,543788
sadly,669996
@ginoandfran,1281962
Eastern,172761
bugger!,790615
rockstar,116408
worked!,1101717
gcse,1037782
noooooo,262058
violated.,20549
decorations,489414
ankle,769676
drool,1350515
painful,490778
whoo!,1196499
stomach,510723
Success,906320
winner!,1058919
headache...,1074619
gotcha,1313381
laundromat,358000
block!,193547
dreary,225244
attack.,860736
depressing,250438
Bride,537252
long!!!,711961
"heh,",937749
heh!,937752
brothers!,221521
Remembers,1138228
clarkson,1100841
FANTASTIC,1022217
dont!,927261
wth?,304309
meanie,890502
burnt!,283087
listeners,468280
"Dan,",562653
Fletcher,420625
Why'd,622089
HORRIBLE,277862
allergic,935745
nooooo!,262106
spurs,790663
woot,756712
RAINY,1022234
"ow,",548530
"sadly,",837981
sadly.,976165
@JustCindy_,997759
@C_DIG,1022242
insurance.,897362
@sebby_peek,1350573
terrifying,396856
can't!,974601
miserable,432495
throat,1281516
#trackle,251522
hehe..,553222
striking,649420
hilarious.,717192
unbearable,948431
guitar..,183360
congrats,309648
allergies,1011651
awee,890551
Diego!,1027521
compliments,1047006
Awesome!,135885
@druey,88406
yayy,170729
unwell.,67563
Twitter;,256891
Twitter:,256892
@raytoro,521421
martha,1286944
Glad,267402
firefly,1048393
wicked.,383834
@simontay78,816560
terrible!,670104
terrible.,1149566
fantastic!,1217698
Joined,822166
Minds,135907
delayed,890580
WOOHOO!!!,1016698
off-,1282509
@swannny,420681
J/K,468359
comments!,861172
stiches,848536
&quot;Why,925814
horrid,873638
saddest,801229
Lock,146448
stranded,682641
upset,156963
number...,1048421
GOODNIGHT,885371
[but,1302828
Poh,1329494
Freakin,1350645
T-Mobile,186469
"saying,",670147
Lessons,1053754
definitely!,377291
Sonny,494875
word!,843320
courts,1319327
"join,",156985
"tracks,",1072716
suncream,575081
woth,299119
home&quot;,722512
face*,1346817
lame...,452671
utter,798099
Facebook?,600798
t-mobile,997315
feat,1287002
Whoa.,764607
ugh..,109841
inspiring,57043
Firehouse,82646
ugh!,1318813
tire,727762
Shoot.,251614
"ugh,",1318815
jaw,88589
ugh.,1318817
brighten,853742
rash,558600
talented!,816924
amazingg,796057
Audition,1048468
crappy.,1164827
satan,1154185
Amazingly,526517
"chemistry,",940982
ciara,623834
becasue,683918
grrr.,616862
IPHONE,1094684
abused,339366
Love.,900887
Colorado!,1296804
depressed.,420750
wonderfull,1239112
props,1123747
cranky,151749
meany,1228516
listener,638102
inspiration!,882334
woooooo,336198
skewl,383936
icky!,1201931
tossed,367976
sinus,493470
borin,157041
Once,772426
@Enamoredsoul,315654
grrrr,616887
@RealHughJackman,780286
@checkers,853778
tobacco,686012
AWESOME,146537
WELCOME,309773
@planethealer,362682
@ThinkReferrals,1260294
"button,",46720
Bright,78156
@ZacharyQuinto,103308
Goddamn,1266188
"biscuits,",1347813
adventure!,806531
Mmmm...,616911
temporarily,447413
@4everBrandy,368009
@realin,995943
heartburn,194038
CRY,1143715
fantastically,717330
Hurray,386412
artsy,484359
LEAVE,691247
timeeee,399731
Pa,88671
suckssss,281689
humane,481542
*high,20518
luckiest,516307
http://bit.ly/VwV6H,974766
depressing!,513487
"depressing,",985235
Cow!,595817
depressing.,985236
willpower,368030
Crappy,118916
gutted.,1249741
"gutted,",746142
difficulties,1111803
pumped!,558681
closed,843458
horrible,1212600
Jackman,534774
bored!!!,1011828
Mellow,301832
blocked,906562
frustrated,1244471
newbie,606359
gutted!,1249753
greatful,827606
LAUGH,334073
sorely,748862
&lt;3's,1029903
Erika,183976
peeling.,178302
kevin!,622778
"shelf,",1133123
@paigeebaby,819670
"yey,",1276410
"gah,",378699
Cool!,796158
"Rain,",686092
"Cool,",796161
yawning,1246689
Cool.,796163
cramps.,262333
yey!,903998
grrrr.,611672
declining,1265754
ideas!,1202021
nightmares,1049950
tantrum,447472
"Whoa,",764609
Partying,1234702
congrats!,722659
"congrats,",722662
congrats.,722664
phoning,1069647
fulfilled,1302991
studyy,283333
wt,892077
#etsy,775198
stat.,1085475
"Unfortunately,",1350820
see..,537540
chapstick,747548
@SassySenna,1318959
minutes....,759490
hehehe,41553
Log,389301
Rejects,611696
"CD,",39142
TWEET!,990644
Hee,1313680
twitterville.,558748
hacked.,117169
manhood,352224
[pic],664529
Heh,1313688
@iamMarkRonson,120416
today...but,1085496
erased,938058
disown,191604
@luishandshake,696600
Get,25790
awake....,843530
"poo,",384167
bricked,410397
bumblebee,1090843
"Thanks,",885075
IE6,20615
restless,893771
Ä‘Æ°á»£c,314739
@xXHAZELXx,790944
tweeps...,283379
smh.,110016
Heh.,577721
poet,609448
Bahaha,796229
"belly,",25806
Careful,355250
@joshtastic1,1326543
remedies,1287193
@witenike,1244555
thanx,412540
verizon,334103
Divine,1303835
Appreciate,632908
snazzy,30772
excited!!!,1111907
tweeties!,948697
Sadness,70879
nicely.,147913
hurts...,948701
Gutted,315244
argh!,627595
studing,1191514
"gift,",318237
"Chris,",320548
mourning,385016
#tonys,1050521
RAINING,659716
"bb,",1180960
abandoned,484485
@Adrienne_Bailon,410439
CDC,230850
Sarah!,967555
bad!!!!,1083389
bb?,334263
pain!,1301428
f*cked,1212721
Darn!,838294
Darn.,838295
iCarly,1117234
Hehe,996104
@jackfaulkner,1044640
archie,151955
sad!,489798
puter,1059292
Noir,104779
@aish_star,654322
University.,916248
"sad,",489808
prosper,172612
sad.,1301464
no!!,447580
rips,1122550
poisoning.,738630
shame.,922351
Sleepover,133822
BORED,904729
fails.,590614
X_X,52101
sad?,489819
pissin,1324425
Headache.,1191563
out?!,686234
GAY,901465
beautiful...,297923
Yucky,1080612
@KyeLani,104809
Sore,278243
PPP,622471
slammed,564166
casualty,349959
Argh.,696679
Argh!,696680
outbreak,553557
injured,838343
sadd,489846
makasih,1012003
transport.,144411
disagree,527142
indeed!!,1209564
@pinpoint_uk,521776
Wal-Mart,717529
huhuhu,368210
proms,104838
400th,341728
"info,",364943
fucked,1090965
here....,1080336
@rxgellivictor,728017
shitting,50447
diabetes,1186301
energized,283481
sucked.,749312
transaction,368220
freezing!,1001445
@SineadGrainger,399970
pampered,901506
Arghh,696719
"sore,",428557
gutted,715916
Quote,249578
gooodnight,437025
humbled,683450
@Hipchick999,719860
@Cezza_B,415713
part?,229319
rocker,334824
restore,917192
Accidentally,61786
Flower,601316
"Aha,",596787
DEAL,46994
hybrid,1220700
Howdy,1335071
obtain,716012
BJ,1255245
TIL,854044
Fourth,1281946
"Goodnight,",40160
Goodnight!,906785
morning....,1048784
at&amp;t,1181063
expert,266227
everybody!!!,440817
&quot;Let,426404
10.5.7,774764
working.....,1330104
Yeah!!,1038283
Â£200,1112070
Runny,1244707
recommending,859351
killed,1045528
toni,174416
postponed.,126637
Sleep!,136309
@garyvee,1127971
busted.,590720
Mouth,389744
@maxime68,582304
hee.,670531
Pissed,922461
#apple,1276639
anymore..,643763
thankies,1069868
loss.,881953
Unfortunately,701989
annoyed.,178545
"annoyed,",178547
@blacksocialite,696768
crushed,665195
Texas?,1349212
mods,114760
Officer,1082154
presume,1308521
.but,246727
hehehehe,722897
@lukasrossi,398687
@loic,643787
Jamaica,728095
hilarious!!,202363
sowwy,219179
heeey,810729
lost,938272
sizes,1043584
Dealing,10583
heey,464800
Mayer,306317
admitted,521869
yor,746716
fone.,441945
@Allieandra,938278
resit,996253
WISH,782654
FREE!,479344
details!,767829
*are*,151131
heel,1317961
Eek.,1026441
accessible,817310
Laurie,1331547
shabby,843752
@doombox,368328
tumble,716480
@pd1001,146878
@Sophie_Lhoste,1186417
Comfort,1154570
Excel,162650
ARGH,859413
"U,",1022734
outside!!!,507562
recommendation,183831
:-S,352476
neglecting,590784
stuffy,500584
#chuck,623914
Clever,326013
@_Flik_,410757
dosnt,1233530
leak,590795
thank,412527
blogging.,864321
props!,1223474
Arghhh,922524
Wishes,718361
"bless,",1112174
screwed,606682
Simply,391510
sure!!,241595
Ñƒ,310173
blurry,68062
pleasure.,171576
locate,590811
catwalk,83847
ripped,696849
hurting...,969930
BBerry,822654
Tweet.,241602
@FreshPlastic,16693
starvin,548444
slaving,287977
Jewel,105004
obsessed.,654527
hurts!,838538
fresh!,686419
(((,985611
disappointed!,1335213
sleep!!!,69246
hurts.,838548
inconsiderate,458411
socket,57500
knowin,754524
Generation,479412
carol',62053
spilled,167067
cannae,240742
flake,120698
5am.,854185
compatible,474123
flaky,120702
blessings,1345885
Sniff,1159991
"cheaper,",89088
Lakers!,880565
h8,791247
court.,1319276
bcz,147076
"ughh,",579566
david.,1218232
david!,1218234
Lovin,453167
goal:,304914
shocked.,1028096
Sure.,157486
g'night,83806
BRAZIL,463682
*blush*,273217
crashed.,922595
tidied,1170598
"settings,",225870
"Argh,",696678
elephants,12307
@robineccles,389662
AMAZING!!,707340
@gemeg,564423
pouty,801754
twitterworld!,1160040
Striped,10411
@patphelan,41927
anymore...,806983
*ugh*,696934
ow.,548532
#lofnotc,189186
artist!,157513
today...and,220061
Cameron,412019
grats,490121
yr!,765121
@AmberCadabra,702145
chillin!,960504
nobodys,1298051
plague,922631
ughhh,996401
smart!,120763
long..,1292825
@Donniedoll,717776
coool,251637
clients.,612070
slamming,146080
Alex!,596263
soreness,828052
shrunk,511398
Tee,379140
Depends,1053872
Ñ?,152271
dmv,1311050
legend!,1303418
favorites.,1075330
distribution,807014
@sockington,790410
"Michael,",5208
deaths,1176038
upsets,812223
Shuttle,420475
Gracias,129552
anticipated.,1252950
MSG,896537
families,871093
Buenos,996520
Hee.,728296
@butterflykate,812236
knackered!,20696
blog:,1033074
nonetheless,849144
@jaredleto,659248
Converse,681375
Welll,686563
@Suw,778172
Dearest,765170
sunshine...,537738
sick,336763
booo,167847
Damnit,864921
jamming,1043798
Emo,1031674
dead...,1300105
CONGRATULATIONS,110411
Yuck!,1080640
boo.,252294
shouldve,670808
Yuck.,1080644
again',975295
headache!,970114
Bon,942361
#music,1224624
upset.,812270
*grin*,1022951
"babies,",99427
nurse!,89225
astronomy,1007070
upset!,812277
cpr,867575
hayfever,474178
shall!,738870
gooooood,638697
yeaaa,511486
broke...,1054409
"boo,",252292
@greekdude,917495
NOOO!,497245
15-20,938517
#shaundiviney,52487
accidents,310368
bitch!!,480491
